Timestamp,Bạn tên gì?,Bạn hiện đang trong độ tuổi nào?,Bạn hiện đang làm ngành nghề gì?,Nếu bạn là sinh viên thì bạn đang học năm mấy,"Theo thang 1-10, bạn có hay thường xuyên sử dụng hệ thống OPAC của thư viện không
(1: Hiếm khi, 10: Thường xuyên)",Bạn thường sử dụng hệ thống này trong việc gì,Bạn thường hay gặp khó khăn gì trong việc sử dụng hệ thống này,Bạn hãy mô tả ngắn gọn việc bạn tìm sách như thế nào [ Từ việc tìm cuốn sách phù hợp và định vị cuốn sách (nếu bạn có mượn sách) ],"Khi tìm được sách trên hệ thống, theo thang 1-10 bạn có gặp khó khăn trong việc định vị cuốn sách cần mượn ở đâu không
(1: Không khó khăn, 10: Rất khó khăn)","Nếu như bạn gặp khó khăn trong việc định vị, bạn có thể liệt kê ra những khó khăn đó như thế nào không (VD: Không nhớ vị trí, chữ nhỏ, ....)",Bạn có gặp vấn đề gì trong quy trình mượn sách không?,Nếu như bạn gặp khó khăn trong việc mượn sách thì thông thường đó là vì lí do nào?,"Nếu như có hệ thống cho phép bạn mượn sách tự động thì bạn có ủng hộ không (1: Không ủng hộ, 10: Ủng hộ)"
8/29/2026 14:28:11,Thanh Huong,Dưới 18 tuổi,Sinh viên,4,5,tra cứu các đg dẫn vào tài liệu khoa học,"Giao diện quá cũ kĩ, chữ viết khó nhìn",khó khăn trg việc tìm,5,,Có,"Vấn đề tâm lý (Rối loạn lo âu, ngại nói chuyện người lạ...)",6
8/29/2026 14:29:59,Thái Minh Huy,18 - 25 tuổi,Sinh viên,3,7,"Tra cứu tài liệu, các bài báo nghiên cứu liên quan đến chủ đề","Không biết tìm tài liệu đó có phù hợp với mục đích của mình không, Tìm tài liệu gặp khó khăn (trong việc nhập liệu tên sách phải chính xác, hay tên tác giả phải đúng)","Mình sẽ tìm theo tên, sử dụng các tính năng tìm kiếm như thanh, lọc, điều kiện để tìm",7,,Không,"Vấn đề tâm lý (Rối loạn lo âu, ngại nói chuyện người lạ...)",10
8/29/2026 14:33:31,Nguyễn Đình Chuẩn ,18 - 25 tuổi,Sinh viên,4,1,Không dùng,Không gặp khó khăn,Chưa từng mượn sách bằng hệ thống ,1,,Không,Thủ tục rườm rà,10
8/29/2026 14:37:37,Phương,18 - 25 tuổi,Sinh viên,4,2,Tìm sách,Không biết tìm tài liệu đó có phù hợp với mục đích của mình không,"1. Nhập tên sách, tác giả
2. Lướt tìm, kiểm tra các thông tin chi tiết (edition, summary)
3. Kiểm tra tình trạng, vị trí sách",3,,Không,,10
8/29/2026 14:48:35,Nguyễn Đức Thịnh,18 - 25 tuổi,Sinh viên,4,10,"Tìm tài liệu, sách, bài báo",Không biết tìm tài liệu đó có phù hợp với mục đích của mình không,Điền từ khoá - Nhận diện thư viện có sách - Tìm vị trí - Hỏi thủ thư vị trí,9,"Không nhớ vị trí, khó tìm do thư viện rộng",Có,Thủ tục rườm rà,10
8/29/2026 15:05:46,,18 - 25 tuổi,Sinh viên,3,1,Không dùng,Không gặp khó khăn,Không dùng,5,,Không,Thủ tục rườm rà,10
8/29/2026 15:19:32,Bùi Quyết Thắng,18 - 25 tuổi,Sinh viên,2,1,Mình hong sử dụng này nhiều,"Tìm tài liệu gặp khó khăn (trong việc nhập liệu tên sách phải chính xác, hay tên tác giả phải đúng)","Lúc kiếm là phải gõ đúng chữ in hoa in thường, khá là phiền",6,,Không,,9
8/29/2026 15:31:08,Trần Thái Toàn,18 - 25 tuổi,Sinh viên,2,5,"Tìm kiếm tài liệu, sách nước ngoài","Tìm tài liệu gặp khó khăn (trong việc nhập liệu tên sách phải chính xác, hay tên tác giả phải đúng)","Mình tìm tên sách, tên tác giả hoặc các từ khoá liên quan. Sau khi tìm được cuốn sách phù hợp, mình kiểm tra thông tin và tình trạng của tài liệu rồi xác định vị trí của cuốn",7,,Không,Thời gian lâu,7